login_Attempts,failed_Validations,avg_flow,current_flow,packets_flow,botnet
6,3,500,570,11,1
4,6,530,796,7,0
10,7,500,399,8,1
2,5,500,1069,8,1
5,1,500,460,12,1
5,12,500,860,11,0
9,11,550,539,14,0
2,11,550,593,9,0
4,2,550,370,9,0
1,3,500,615,14,1
9,8,530,894,2,1
3,11,550,1305,7,1
7,2,530,410,4,1
7,3,530,719,6,1
3,5,500,1002,2,1
1,9,530,1325,14,0
7,6,500,1001,8,1
4,12,530,1208,5,1
9,8,500,340,13,0
0,8,550,870,8,0
7,7,550,488,3,0
7,2,550,638,11,0
9,6,530,370,12,0
8,7,530,362,7,0
7,4,550,1033,8,1
10,2,500,1038,5,0
2,0,500,517,7,0
6,10,500,506,15,1
9,11,500,990,15,1
6,0,500,395,4,1
4,6,550,1098,15,0
3,12,550,1048,3,1
1,9,500,873,9,0
5,11,530,1287,11,1
9,6,500,530,14,0
0,8,550,1307,9,1
8,2,550,1059,8,0
8,4,500,1118,10,1
7,10,530,1001,8,1
8,3,500,1129,1,1
3,11,530,1136,2,0
0,4,500,1251,1,0
0,1,530,549,6,0
6,4,500,684,3,1
1,4,530,1001,6,1
6,3,550,552,8,0
0,5,500,1183,2,1
5,10,550,1101,1,0
10,5,500,1070,4,1
10,3,550,695,3,0
2,3,550,1169,9,0
7,6,530,1201,1,1
10,11,500,772,2,1
6,9,550,612,12,1
9,8,500,301,1,1
4,4,550,358,9,0
2,2,530,449,1,1
3,10,500,1267,4,1
7,3,530,556,14,0
2,8,500,1213,14,1
1,5,550,1069,13,0
3,0,500,697,5,1
3,7,550,544,1,1
0,11,550,1232,6,0
5,5,530,694,3,1
7,10,550,575,5,1
0,11,550,1309,1,0
2,3,550,541,1,0
0,11,530,806,14,0
5,2,500,336,8,0
0,4,550,448,12,0
3,12,500,1227,7,0
2,1,500,1034,6,1
2,7,530,1121,2,1
5,6,530,968,11,1
1,9,500,403,1,0
10,5,550,826,10,0
9,2,530,1250,8,0
9,6,500,335,13,1
0,7,530,729,14,1
2,6,550,441,2,1
6,5,550,1014,10,0
5,9,530,671,1,1
9,5,550,403,11,1
4,0,500,871,12,1
4,6,530,1206,4,1
2,6,500,669,12,1
2,0,550,1136,12,1
6,9,500,773,5,1
6,8,500,940,10,1
9,0,550,1151,14,1
8,7,500,1184,1,1
6,4,530,1190,7,0
9,2,500,385,9,0
4,0,530,1079,14,1
4,11,530,803,5,0
3,0,530,1063,5,0
9,9,530,1166,4,1
1,3,550,1255,10,0
9,0,500,815,8,1
6,1,500,1287,11,1
7,11,530,1004,12,1
0,0,500,990,11,0
2,0,500,467,10,0
1,12,550,1103,3,0
0,9,500,1221,10,1
1,2,500,1202,4,1
4,1,500,374,13,1
3,8,500,1060,4,1
4,8,550,1038,3,1
3,1,500,1298,8,0
4,11,500,994,13,0
8,2,500,1097,1,0
3,8,530,726,11,0
0,3,500,532,3,1
8,6,530,1064,4,1
2,9,550,493,5,0
2,11,500,1247,11,0
3,4,550,493,9,0
4,9,530,1264,14,0
9,4,550,564,13,0
10,1,550,937,9,1
9,11,500,552,6,0
7,9,500,1245,11,1
9,1,500,328,5,1
2,7,500,1132,6,1
0,6,500,600,4,1
5,11,550,1136,13,1
5,6,550,1063,10,0
6,2,500,952,2,1
9,3,500,1194,9,0
0,2,500,647,14,0
0,8,500,1233,5,1
9,11,500,971,13,1
4,5,500,502,12,0
3,2,550,881,9,1
8,0,530,472,15,0
4,5,530,588,7,0
10,11,530,1065,8,1
5,11,500,307,10,1
3,9,530,645,2,1
4,8,550,851,15,0
8,0,500,1023,13,1
2,12,530,923,3,1
4,8,530,339,8,1
1,10,500,304,7,1
0,5,500,445,15,0
10,4,530,392,9,1
10,10,500,760,1,1
1,8,550,860,1,0
6,5,500,1008,15,0
5,2,500,322,5,0
4,9,530,412,1,0
8,0,550,1034,13,1
0,0,530,677,15,1
6,9,530,1003,6,1
5,2,550,655,12,0
5,11,500,1289,14,0
8,0,550,652,7,0
4,4,530,907,11,0
6,5,530,1135,2,1
1,10,550,796,2,1
8,5,500,1283,15,1
6,9,550,430,5,0
3,9,500,629,1,1
3,7,500,845,6,0
1,12,530,1076,11,1
10,2,550,1110,7,0
10,5,500,494,3,0
1,12,530,380,3,0
4,1,530,1158,6,0
5,0,500,532,12,1
1,0,530,1059,13,0
8,9,500,346,9,1
7,10,550,397,13,0
9,3,500,307,1,0
3,7,530,855,10,1
6,7,530,694,10,1
10,7,550,356,3,0
6,10,550,857,13,1
1,9,530,1068,3,0
8,6,500,327,10,0
8,0,550,435,10,1
8,0,500,511,9,1
9,2,500,408,2,0
3,5,530,952,8,1
0,11,550,903,9,0
5,3,530,649,2,0
7,10,500,1265,5,1
8,0,500,961,5,1
5,6,530,1172,14,1
7,6,500,1058,3,1
2,7,500,847,8,0
5,1,550,353,15,1
5,0,530,833,6,0
8,1,550,1064,8,1
2,12,500,625,10,1
3,2,500,831,1,1
0,9,530,649,6,0
10,3,500,558,1,1
1,7,530,590,7,1
1,12,530,925,1,0
4,8,500,1076,11,0
7,5,550,768,14,0
0,4,530,1285,12,1
4,7,550,486,2,1
2,2,500,595,6,1
7,10,500,528,14,1
2,4,500,304,3,0
9,3,500,1048,10,0
1,7,550,965,14,1
2,12,530,1194,7,0
0,8,500,524,15,0
1,4,550,388,3,1
5,2,550,528,8,1
3,12,500,777,7,0
3,12,530,770,1,0
4,10,550,638,14,1
5,1,530,846,11,1
0,5,530,1238,15,0
3,12,550,506,8,0
3,11,500,429,11,0
2,2,530,1140,11,0
3,10,530,1171,8,1
5,7,550,1164,10,1
10,11,530,470,8,1
1,8,500,922,8,1
10,11,500,1187,5,1
7,9,500,903,15,1
9,8,530,380,13,1
7,8,530,1108,7,1
0,4,500,645,14,1
5,6,500,300,15,1
6,2,550,1010,15,0
4,8,530,765,9,0
9,8,550,924,4,1
8,9,550,1155,2,1
6,1,550,767,11,0
10,10,550,528,6,1
8,6,530,830,8,1
0,0,500,362,11,1
9,11,530,798,1,1
6,0,500,988,4,1
5,11,550,1050,8,0
6,0,500,1289,7,0
10,7,550,667,14,0
0,12,500,585,8,0
1,0,530,700,15,1
1,5,500,413,14,1
2,3,500,563,13,0
6,2,530,787,3,1
1,11,500,386,7,1
1,6,500,307,1,0
6,2,550,792,15,0
7,5,500,538,5,0
2,0,550,613,2,0
7,7,530,820,4,1
3,4,530,798,14,0
6,1,550,679,7,0
6,4,550,973,13,0
3,12,530,843,1,0
4,3,550,1095,15,1
2,6,550,745,4,0
4,5,530,1234,2,0
2,3,530,1183,12,1
0,9,530,961,11,1
6,0,530,444,1,1
8,7,530,566,9,0
8,5,530,564,14,1
9,9,500,408,2,0
4,10,530,475,5,1
3,8,530,363,1,0
8,5,530,917,7,0
9,5,500,326,9,0
5,10,530,597,13,0
4,6,530,1014,1,1
4,11,530,963,14,1
1,11,530,692,1,0
4,3,550,1143,13,0
10,7,550,861,4,1
0,10,550,1093,3,1
1,6,550,1013,6,1
4,7,500,1061,4,0
3,2,550,593,11,0
10,12,550,831,9,1
9,1,500,372,9,1
0,0,500,360,11,1
9,8,550,1152,3,1
1,4,550,827,6,1
2,4,550,1166,13,0
9,8,550,846,15,1
7,2,550,1010,1,0
4,5,530,529,9,1
8,11,550,920,10,1
8,12,530,376,10,1
6,0,550,1143,5,1
9,6,530,664,5,0
8,2,530,1156,7,0
1,3,550,1344,2,0
9,6,500,825,15,1
7,2,500,397,3,0
10,7,530,512,7,1
6,7,500,815,13,1
5,8,500,1021,1,1
9,11,530,779,7,1
2,9,530,743,11,0
1,2,550,388,14,1
0,12,530,574,12,0
7,11,550,726,10,1
8,6,500,876,14,1
0,2,500,441,8,1
1,3,530,1287,5,0
0,4,530,1304,9,0
0,8,550,1154,13,0
10,11,530,1136,8,1
7,10,530,1174,2,1
8,6,550,933,4,1
5,4,550,842,14,1
10,1,500,517,9,0
9,2,530,846,5,1
6,0,500,398,4,1
0,12,550,839,3,1
1,0,550,509,3,1
7,12,550,438,9,1
4,1,550,966,8,0
10,11,500,948,3,1
8,1,530,850,15,1
8,4,550,1304,2,1
5,7,550,1250,10,1
5,4,500,1095,5,0
0,1,500,523,14,0
2,9,550,917,8,1
7,10,500,1048,1,1
5,7,550,685,8,1
0,10,550,1165,9,0
10,12,500,992,10,1
3,10,530,1029,7,0
10,12,530,1090,3,1
6,9,530,1001,11,1
4,6,550,431,4,1
6,1,500,345,11,0
8,0,550,1215,12,1
7,12,550,675,3,1
6,9,500,523,2,0
4,12,530,525,4,1
3,1,550,541,1,1
5,0,530,1215,1,1
9,7,550,559,2,1
3,10,550,1297,13,1
6,12,550,382,6,0
2,10,530,1312,10,1
1,12,500,398,13,0
6,6,500,456,11,1
1,3,530,788,11,0
0,11,500,320,15,1
4,10,530,988,9,0
2,10,500,869,12,1
1,12,550,1181,1,0
7,11,530,600,12,1
10,7,530,1314,1,1
4,7,550,376,14,1
3,6,550,698,12,0
7,11,530,1228,4,1
8,6,500,1193,12,1
3,3,500,977,9,1
5,5,500,416,2,1
7,10,500,1020,8,1
4,1,530,649,2,1
5,10,500,1028,1,1
5,8,550,563,3,1
8,0,500,345,15,1
5,5,500,1013,8,1
1,11,500,301,1,0
8,12,530,1258,13,1
3,9,530,432,2,1
6,9,530,451,2,0
1,9,550,777,1,1
10,12,550,984,6,1
8,5,500,658,15,1
8,1,530,1189,14,1
10,6,550,433,4,1
9,5,530,1224,3,0
8,11,530,343,11,1
5,11,550,873,13,0
2,9,550,916,14,1
7,12,550,658,7,1
2,11,530,1295,2,0
5,4,500,358,3,1
9,2,550,794,13,1
0,6,500,1161,5,0
9,12,500,815,12,1
3,11,530,1018,3,1
8,3,530,446,2,1
3,1,550,767,4,1
6,9,550,720,10,1
5,12,550,586,2,1
4,0,550,1143,8,1
6,9,530,663,2,0
4,4,530,882,14,1
7,6,500,383,2,0
5,0,550,1206,9,1
1,2,500,560,15,0
7,11,500,1218,15,1
10,9,550,979,14,1
9,12,530,1173,14,1
8,0,500,575,8,0
0,8,530,1309,12,0
10,4,550,1346,12,0
0,0,550,1068,6,1
10,12,530,663,2,0
4,3,530,1126,1,0
2,5,500,1056,11,0
0,0,550,555,12,0
9,3,500,541,8,0
10,1,500,605,13,0
6,7,550,776,2,1
6,11,530,1181,7,1
3,1,530,1221,7,1
1,4,500,1075,13,1
5,4,550,435,15,1
0,6,550,567,11,0
9,1,530,474,10,1
7,0,550,1189,9,1
3,0,500,446,15,1
4,4,500,901,14,1
1,1,530,904,9,0
8,8,500,884,5,1
8,10,530,710,6,1
3,5,550,803,2,1
8,6,550,714,11,1
0,7,530,1151,7,0
4,0,530,1040,15,0
2,11,500,772,1,0
0,2,530,1315,11,0
7,9,530,1271,9,1
2,4,530,657,2,1
4,12,530,994,12,0
1,4,550,649,4,0
10,6,530,1143,2,1
10,10,500,320,7,0
6,4,550,1142,4,0
2,3,500,440,6,0
1,12,500,863,14,0
2,7,530,749,14,1
1,0,500,943,10,0
10,6,550,457,10,0
6,7,500,1237,13,1
9,7,530,1104,6,1
0,11,500,661,15,0
6,5,530,606,6,1
8,9,500,1082,10,1
7,9,500,936,10,1
7,7,500,453,11,0
3,1,550,961,12,0
9,8,530,1244,4,1
9,0,550,591,5,0
0,2,530,1002,7,0
0,5,500,954,3,1
6,10,530,1298,14,1
8,8,530,649,3,0
4,1,550,903,6,0
6,8,500,758,7,1
7,11,530,860,4,1
9,5,530,617,7,0
3,7,500,652,4,0
8,7,500,1190,6,1
8,6,500,860,12,1
1,11,500,727,11,1
4,7,530,1041,2,0
5,11,500,357,3,1
5,1,550,521,2,1
0,2,530,800,14,1
7,5,530,877,5,0
8,6,530,775,14,1
8,6,500,699,12,1
3,2,530,566,7,1
2,7,530,846,4,1
7,11,500,932,14,1
4,3,530,735,2,1
6,0,500,1083,12,1
3,1,500,953,4,0
6,1,500,877,9,0
1,10,500,1268,1,0
2,3,530,736,10,1
1,6,530,748,6,0
5,11,500,543,10,1
0,9,530,923,13,0
7,9,530,791,6,1
2,6,530,402,15,0
2,1,550,479,3,1
3,1,530,866,2,0
5,0,550,1131,1,1
5,12,550,832,9,1
8,12,500,781,8,1
4,1,500,378,4,0
3,1,500,1127,15,1
10,1,550,816,15,0
4,2,530,1107,9,1
10,1,500,1226,8,0
8,6,550,1254,3,1
